timestamp,latitude,longitude,speed_mps,heading_deg,accelerometer_x,gyroscope_z
0.00,13.082714,80.270700,8.0,0.0,0.000,0.0000
0.20,13.082729,80.270700,8.0,0.2,0.099,0.0174
0.40,13.082743,80.270700,8.0,0.6,0.195,0.0347
0.60,13.082758,80.270701,8.0,1.2,0.282,0.0516
0.80,13.082772,80.270701,8.0,2.0,0.359,0.0680
1.00,13.082786,80.270702,8.0,2.9,0.421,0.0837
1.20,13.082801,80.270703,8.0,4.1,0.466,0.0985
1.40,13.082815,80.270704,8.0,5.3,0.493,0.1124
1.60,13.082829,80.270706,8.0,6.8,0.500,0.1252
1.80,13.082844,80.270708,8.0,8.3,0.487,0.1367
2.00,13.082858,80.270711,8.0,10.0,0.455,0.1469
2.20,13.082872,80.270714,8.0,11.8,0.404,0.1555
2.40,13.082886,80.270717,8.0,13.7,0.338,0.1627
2.60,13.082900,80.270721,8.0,15.6,0.258,0.1682
2.80,13.082913,80.270726,8.0,17.6,0.167,0.1720
3.00,13.082927,80.270731,8.0,19.6,0.071,0.1741
3.20,13.082940,80.270736,8.0,21.6,-0.029,0.1745
3.40,13.082954,80.270742,8.0,23.5,-0.128,0.1731
3.60,13.082967,80.270748,8.0,25.5,-0.221,0.1700
3.80,13.082979,80.270755,8.0,27.4,-0.306,0.1652
4.00,13.082992,80.270762,8.0,29.2,-0.378,0.1587
4.20,13.083004,80.270770,8.0,30.9,-0.436,0.1507
4.40,13.083016,80.270778,8.0,32.6,-0.476,0.1411
4.60,13.083028,80.270786,8.0,34.0,-0.497,0.1302
4.80,13.083040,80.270795,8.0,35.4,-0.498,0.1179
5.00,13.083052,80.270803,8.0,36.6,-0.479,0.1045
5.20,13.083063,80.270812,8.0,37.6,-0.442,0.0900
5.40,13.083074,80.270821,8.0,38.5,-0.386,0.0746
5.60,13.083085,80.270831,8.0,39.1,-0.316,0.0585
5.80,13.083097,80.270840,8.0,39.6,-0.232,0.0418
6.00,13.083108,80.270850,8.0,39.9,-0.140,0.0246
6.20,13.083119,80.270859,8.0,40.0,-0.042,0.0073
6.40,13.083130,80.270869,8.0,39.9,0.058,-0.0102
6.60,13.083141,80.270878,8.0,39.6,0.156,-0.0275
6.80,13.083152,80.270887,8.0,39.0,0.247,-0.0446
7.00,13.083163,80.270896,8.0,38.3,0.328,-0.0612
7.20,13.083175,80.270905,8.0,37.5,0.397,-0.0772
7.40,13.083186,80.270914,8.0,36.4,0.449,-0.0925
7.60,13.083198,80.270923,8.0,35.2,0.484,-0.1068
7.80,13.083210,80.270931,8.0,33.8,0.499,-0.1200
8.00,13.083222,80.270939,8.0,32.3,0.495,-0.1321
8.20,13.083235,80.270946,8.0,30.7,0.470,-0.1428
8.40,13.083247,80.270953,8.0,28.9,0.427,-0.1521
8.60,13.083260,80.270960,8.0,27.1,0.367,-0.1599
8.80,13.083273,80.270966,8.0,25.2,0.292,-0.1661
9.00,13.083286,80.270972,8.0,23.2,0.206,-0.1706
9.20,13.083300,80.270978,8.0,21.2,0.111,-0.1734
9.40,13.083313,80.270982,8.0,19.2,0.012,-0.1745
9.60,13.083327,80.270987,8.0,17.2,-0.087,-0.1739
9.80,13.083341,80.270991,8.0,15.3,-0.183,-0.1715
10.00,13.083355,80.270994,8.0,13.4,-0.272,-0.1674
10.20,13.083369,80.270997,8.0,11.5,-0.350,-0.1616
10.40,13.083383,80.271000,8.0,9.7,-0.414,-0.1542
10.60,13.083397,80.271002,8.0,8.1,-0.461,-0.1453
10.80,13.083412,80.271003,8.0,6.5,-0.490,-0.1349
11.00,13.083426,80.271005,8.0,5.1,-0.500,-0.1231
11.20,13.083440,80.271006,8.0,3.9,-0.490,-0.1102
11.40,13.083455,80.271006,8.0,2.8,-0.460,-0.0961
11.60,13.083469,80.271007,8.0,1.8,-0.411,-0.0811
11.80,13.083484,80.271007,8.0,1.1,-0.347,-0.0653
12.00,13.083498,80.271007,8.0,0.5,-0.268,-0.0488
12.20,13.083512,80.271007,8.0,0.2,-0.179,-0.0318
12.40,13.083527,80.271007,8.0,-0.0,-0.083,-0.0145
12.60,13.083541,80.271007,8.0,0.0,0.017,0.0029
12.80,13.083556,80.271007,8.0,0.3,0.116,0.0203
13.00,13.083570,80.271008,8.0,0.7,0.210,0.0375
13.20,13.083584,80.271008,8.0,1.3,0.296,0.0544
13.40,13.083599,80.271008,8.0,2.1,0.370,0.0707
13.60,13.083613,80.271009,8.0,3.1,0.430,0.0862
13.80,13.083628,80.271010,8.0,4.3,0.472,0.1010
14.00,13.083642,80.271012,8.0,5.6,0.495,0.1147
14.20,13.083656,80.271014,8.0,7.0,0.499,0.1272
14.40,13.083670,80.271016,8.0,8.6,0.483,0.1385
14.60,13.083685,80.271018,8.0,10.3,0.447,0.1484
14.80,13.083699,80.271021,8.0,12.1,0.394,0.1569
15.00,13.083713,80.271025,8.0,14.0,0.325,0.1637
15.20,13.083726,80.271029,8.0,15.9,0.243,0.1689
15.40,13.083740,80.271034,8.0,17.9,0.152,0.1725
15.60,13.083754,80.271039,8.0,19.9,0.054,0.1743
15.80,13.083767,80.271044,8.0,21.9,-0.046,0.1743
16.00,13.083780,80.271050,8.0,23.9,-0.144,0.1727
16.20,13.083793,80.271057,8.0,25.8,-0.236,0.1693
16.40,13.083806,80.271063,8.0,27.7,-0.319,0.1642
16.60,13.083818,80.271071,8.0,29.5,-0.389,0.1575
16.80,13.083831,80.271078,8.0,31.2,-0.444,0.1492
17.00,13.083843,80.271086,8.0,32.8,-0.481,0.1394
17.20,13.083855,80.271095,8.0,34.3,-0.498,0.1282
17.40,13.083866,80.271103,8.0,35.6,-0.496,0.1157
17.60,13.083878,80.271112,8.0,36.8,-0.474,0.1021
17.80,13.083889,80.271121,8.0,37.8,-0.434,0.0874
18.00,13.083901,80.271130,8.0,38.6,-0.375,0.0719
18.20,13.083912,80.271140,8.0,39.2,-0.302,0.0557
18.40,13.083923,80.271149,8.0,39.7,-0.217,0.0389
18.60,13.083934,80.271159,8.0,39.9,-0.123,0.0217
18.80,13.083945,80.271168,8.0,40.0,-0.025,0.0043
19.00,13.083956,80.271177,8.0,39.8,0.075,-0.0131
19.20,13.083967,80.271187,8.0,39.5,0.172,-0.0304
19.40,13.083978,80.271196,8.0,38.9,0.262,-0.0474
19.60,13.083990,80.271205,8.0,38.2,0.341,-0.0640
19.80,13.084001,80.271214,8.0,37.3,0.407,-0.0799
